trace_set_name,trace_file_name
alibabaBlock,2020_alibabaBlock/0.oracleGeneral.zst
alibabaBlock,2020_alibabaBlock/1.oracleGeneral.zst
alibabaBlock,2020_alibabaBlock/10.oracleGeneral.zst
alibabaBlock,2020_alibabaBlock/100.oracleGeneral.zst
alibabaBlock,2020_alibabaBlock/103.oracleGeneral.zst
alibabaBlock,2020_alibabaBlock/106.oracleGeneral.zst
alibabaBlock,2020_alibabaBlock/107.oracleGeneral.zst
alibabaBlock,2020_alibabaBlock/109.oracleGeneral.zst
alibabaBlock,2020_alibabaBlock/11.oracleGeneral.zst
alibabaBlock,2020_alibabaBlock/111.oracleGeneral.zst
alibabaBlock,2020_alibabaBlock/112.oracleGeneral.zst
alibabaBlock,2020_alibabaBlock/113.oracleGeneral.zst
alibabaBlock,2020_alibabaBlock/115.oracleGeneral.zst
alibabaBlock,2020_alibabaBlock/116.oracleGeneral.zst
alibabaBlock,2020_alibabaBlock/117.oracleGeneral.zst
alibabaBlock,2020_alibabaBlock/12.oracleGeneral.zst
alibabaBlock,2020_alibabaBlock/121.oracleGeneral.zst
alibabaBlock,2020_alibabaBlock/122.oracleGeneral.zst
alibabaBlock,2020_alibabaBlock/123.oracleGeneral.zst
alibabaBlock,2020_alibabaBlock/124.oracleGeneral.zst
alibabaBlock,2020_alibabaBlock/126.oracleGeneral.zst
alibabaBlock,2020_alibabaBlock/128.oracleGeneral.zst
alibabaBlock,2020_alibabaBlock/13.oracleGeneral.zst
alibabaBlock,2020_alibabaBlock/130.oracleGeneral.zst
alibabaBlock,2020_alibabaBlock/131.oracleGeneral.zst
alibabaBlock,2020_alibabaBlock/132.oracleGeneral.zst
alibabaBlock,2020_alibabaBlock/133.oracleGeneral.zst
alibabaBlock,2020_alibabaBlock/135.oracleGeneral.zst
alibabaBlock,2020_alibabaBlock/136.oracleGeneral.zst
alibabaBlock,2020_alibabaBlock/138.oracleGeneral.zst
alibabaBlock,2020_alibabaBlock/14.oracleGeneral.zst
alibabaBlock,2020_alibabaBlock/141.oracleGeneral.zst
alibabaBlock,2020_alibabaBlock/144.oracleGeneral.zst
alibabaBlock,2020_alibabaBlock/145.oracleGeneral.zst
alibabaBlock,2020_alibabaBlock/147.oracleGeneral.zst
alibabaBlock,2020_alibabaBlock/148.oracleGeneral.zst
alibabaBlock,2020_alibabaBlock/15.oracleGeneral.zst
alibabaBlock,2020_alibabaBlock/150.oracleGeneral.zst
alibabaBlock,2020_alibabaBlock/154.oracleGeneral.zst
alibabaBlock,2020_alibabaBlock/157.oracleGeneral.zst
alibabaBlock,2020_alibabaBlock/16.oracleGeneral.zst
alibabaBlock,2020_alibabaBlock/160.oracleGeneral.zst
alibabaBlock,2020_alibabaBlock/161.oracleGeneral.zst
alibabaBlock,2020_alibabaBlock/163.oracleGeneral.zst
alibabaBlock,2020_alibabaBlock/165.oracleGeneral.zst
alibabaBlock,2020_alibabaBlock/166.oracleGeneral.zst
alibabaBlock,2020_alibabaBlock/169.oracleGeneral.zst
alibabaBlock,2020_alibabaBlock/17.oracleGeneral.zst
alibabaBlock,2020_alibabaBlock/173.oracleGeneral.zst
alibabaBlock,2020_alibabaBlock/174.oracleGeneral.zst
alibabaBlock,2020_alibabaBlock/176.oracleGeneral.zst
alibabaBlock,2020_alibabaBlock/177.oracleGeneral.zst
alibabaBlock,2020_alibabaBlock/178.oracleGeneral.zst
alibabaBlock,2020_alibabaBlock/18.oracleGeneral.zst
alibabaBlock,2020_alibabaBlock/181.oracleGeneral.zst
alibabaBlock,2020_alibabaBlock/187.oracleGeneral.zst
alibabaBlock,2020_alibabaBlock/188.oracleGeneral.zst
alibabaBlock,2020_alibabaBlock/189.oracleGeneral.zst
alibabaBlock,2020_alibabaBlock/19.oracleGeneral.zst
alibabaBlock,2020_alibabaBlock/190.oracleGeneral.zst
alibabaBlock,2020_alibabaBlock/191.oracleGeneral.zst
alibabaBlock,2020_alibabaBlock/192.oracleGeneral.zst
alibabaBlock,2020_alibabaBlock/193.oracleGeneral.zst
alibabaBlock,2020_alibabaBlock/195.oracleGeneral.zst
alibabaBlock,2020_alibabaBlock/197.oracleGeneral.zst
alibabaBlock,2020_alibabaBlock/198.oracleGeneral.zst
alibabaBlock,2020_alibabaBlock/1M/101.oracleGeneral.zst
alibabaBlock,2020_alibabaBlock/1M/102.oracleGeneral.zst
alibabaBlock,2020_alibabaBlock/1M/104.oracleGeneral.zst
alibabaBlock,2020_alibabaBlock/1M/105.oracleGeneral.zst
alibabaBlock,2020_alibabaBlock/1M/108.oracleGeneral.zst
alibabaBlock,2020_alibabaBlock/1M/114.oracleGeneral.zst
alibabaBlock,2020_alibabaBlock/1M/118.oracleGeneral.zst
alibabaBlock,2020_alibabaBlock/1M/120.oracleGeneral.zst
alibabaBlock,2020_alibabaBlock/1M/125.oracleGeneral.zst
alibabaBlock,2020_alibabaBlock/1M/127.oracleGeneral.zst
alibabaBlock,2020_alibabaBlock/1M/129.oracleGeneral.zst
alibabaBlock,2020_alibabaBlock/1M/134.oracleGeneral.zst
alibabaBlock,2020_alibabaBlock/1M/137.oracleGeneral.zst
alibabaBlock,2020_alibabaBlock/1M/139.oracleGeneral.zst
alibabaBlock,2020_alibabaBlock/1M/140.oracleGeneral.zst
alibabaBlock,2020_alibabaBlock/1M/142.oracleGeneral.zst
alibabaBlock,2020_alibabaBlock/1M/143.oracleGeneral.zst
alibabaBlock,2020_alibabaBlock/1M/146.oracleGeneral.zst
alibabaBlock,2020_alibabaBlock/1M/149.oracleGeneral.zst
alibabaBlock,2020_alibabaBlock/1M/151.oracleGeneral.zst
alibabaBlock,2020_alibabaBlock/1M/152.oracleGeneral.zst
alibabaBlock,2020_alibabaBlock/1M/153.oracleGeneral.zst
alibabaBlock,2020_alibabaBlock/1M/155.oracleGeneral.zst
alibabaBlock,2020_alibabaBlock/1M/156.oracleGeneral.zst
alibabaBlock,2020_alibabaBlock/1M/158.oracleGeneral.zst
alibabaBlock,2020_alibabaBlock/1M/159.oracleGeneral.zst
alibabaBlock,2020_alibabaBlock/1M/162.oracleGeneral.zst
alibabaBlock,2020_alibabaBlock/1M/167.oracleGeneral.zst
alibabaBlock,2020_alibabaBlock/1M/168.oracleGeneral.zst
alibabaBlock,2020_alibabaBlock/1M/170.oracleGeneral.zst
alibabaBlock,2020_alibabaBlock/1M/171.oracleGeneral.zst
alibabaBlock,2020_alibabaBlock/1M/175.oracleGeneral.zst
alibabaBlock,2020_alibabaBlock/1M/179.oracleGeneral.zst
alibabaBlock,2020_alibabaBlock/1M/180.oracleGeneral.zst
alibabaBlock,2020_alibabaBlock/1M/182.oracleGeneral.zst
alibabaBlock,2020_alibabaBlock/1M/183.oracleGeneral.zst
alibabaBlock,2020_alibabaBlock/1M/184.oracleGeneral.zst
alibabaBlock,2020_alibabaBlock/1M/194.oracleGeneral.zst
alibabaBlock,2020_alibabaBlock/1M/196.oracleGeneral.zst
alibabaBlock,2020_alibabaBlock/1M/199.oracleGeneral.zst
alibabaBlock,2020_alibabaBlock/1M/203.oracleGeneral.zst
alibabaBlock,2020_alibabaBlock/1M/204.oracleGeneral.zst
alibabaBlock,2020_alibabaBlock/1M/21.oracleGeneral.zst
alibabaBlock,2020_alibabaBlock/1M/214.oracleGeneral.zst
alibabaBlock,2020_alibabaBlock/1M/215.oracleGeneral.zst
alibabaBlock,2020_alibabaBlock/1M/216.oracleGeneral.zst
alibabaBlock,2020_alibabaBlock/1M/217.oracleGeneral.zst
alibabaBlock,2020_alibabaBlock/1M/218.oracleGeneral.zst
alibabaBlock,2020_alibabaBlock/1M/222.oracleGeneral.zst
alibabaBlock,2020_alibabaBlock/1M/229.oracleGeneral.zst
alibabaBlock,2020_alibabaBlock/1M/230.oracleGeneral.zst
alibabaBlock,2020_alibabaBlock/1M/233.oracleGeneral.zst
alibabaBlock,2020_alibabaBlock/1M/234.oracleGeneral.zst
alibabaBlock,2020_alibabaBlock/1M/235.oracleGeneral.zst
alibabaBlock,2020_alibabaBlock/1M/238.oracleGeneral.zst
alibabaBlock,2020_alibabaBlock/1M/240.oracleGeneral.zst
alibabaBlock,2020_alibabaBlock/1M/244.oracleGeneral.zst
alibabaBlock,2020_alibabaBlock/1M/246.oracleGeneral.zst
alibabaBlock,2020_alibabaBlock/1M/247.oracleGeneral.zst
alibabaBlock,2020_alibabaBlock/1M/249.oracleGeneral.zst
alibabaBlock,2020_alibabaBlock/1M/250.oracleGeneral.zst
alibabaBlock,2020_alibabaBlock/1M/252.oracleGeneral.zst
alibabaBlock,2020_alibabaBlock/1M/255.oracleGeneral.zst
alibabaBlock,2020_alibabaBlock/1M/257.oracleGeneral.zst
alibabaBlock,2020_alibabaBlock/1M/258.oracleGeneral.zst
alibabaBlock,2020_alibabaBlock/1M/259.oracleGeneral.zst
alibabaBlock,2020_alibabaBlock/1M/260.oracleGeneral.zst
alibabaBlock,2020_alibabaBlock/1M/265.oracleGeneral.zst
alibabaBlock,2020_alibabaBlock/1M/266.oracleGeneral.zst
alibabaBlock,2020_alibabaBlock/1M/271.oracleGeneral.zst
alibabaBlock,2020_alibabaBlock/1M/272.oracleGeneral.zst
alibabaBlock,2020_alibabaBlock/1M/274.oracleGeneral.zst
alibabaBlock,2020_alibabaBlock/1M/277.oracleGeneral.zst
alibabaBlock,2020_alibabaBlock/1M/279.oracleGeneral.zst
alibabaBlock,2020_alibabaBlock/1M/280.oracleGeneral.zst
alibabaBlock,2020_alibabaBlock/1M/281.oracleGeneral.zst
alibabaBlock,2020_alibabaBlock/1M/282.oracleGeneral.zst
alibabaBlock,2020_alibabaBlock/1M/284.oracleGeneral.zst
alibabaBlock,2020_alibabaBlock/1M/286.oracleGeneral.zst
alibabaBlock,2020_alibabaBlock/1M/287.oracleGeneral.zst
alibabaBlock,2020_alibabaBlock/1M/288.oracleGeneral.zst
alibabaBlock,2020_alibabaBlock/1M/290.oracleGeneral.zst
alibabaBlock,2020_alibabaBlock/1M/294.oracleGeneral.zst
alibabaBlock,2020_alibabaBlock/1M/296.oracleGeneral.zst
alibabaBlock,2020_alibabaBlock/1M/298.oracleGeneral.zst
alibabaBlock,2020_alibabaBlock/1M/304.oracleGeneral.zst
alibabaBlock,2020_alibabaBlock/1M/305.oracleGeneral.zst
alibabaBlock,2020_alibabaBlock/1M/308.oracleGeneral.zst
alibabaBlock,2020_alibabaBlock/1M/309.oracleGeneral.zst
alibabaBlock,2020_alibabaBlock/1M/31.oracleGeneral.zst
alibabaBlock,2020_alibabaBlock/1M/310.oracleGeneral.zst
alibabaBlock,2020_alibabaBlock/1M/313.oracleGeneral.zst
alibabaBlock,2020_alibabaBlock/1M/314.oracleGeneral.zst
alibabaBlock,2020_alibabaBlock/1M/318.oracleGeneral.zst
alibabaBlock,2020_alibabaBlock/1M/319.oracleGeneral.zst
alibabaBlock,2020_alibabaBlock/1M/320.oracleGeneral.zst
alibabaBlock,2020_alibabaBlock/1M/321.oracleGeneral.zst
alibabaBlock,2020_alibabaBlock/1M/322.oracleGeneral.zst
alibabaBlock,2020_alibabaBlock/1M/325.oracleGeneral.zst
alibabaBlock,2020_alibabaBlock/1M/326.oracleGeneral.zst
alibabaBlock,2020_alibabaBlock/1M/329.oracleGeneral.zst
alibabaBlock,2020_alibabaBlock/1M/331.oracleGeneral.zst
alibabaBlock,2020_alibabaBlock/1M/332.oracleGeneral.zst
alibabaBlock,2020_alibabaBlock/1M/334.oracleGeneral.zst
alibabaBlock,2020_alibabaBlock/1M/335.oracleGeneral.zst
alibabaBlock,2020_alibabaBlock/1M/337.oracleGeneral.zst
alibabaBlock,2020_alibabaBlock/1M/338.oracleGeneral.zst
alibabaBlock,2020_alibabaBlock/1M/340.oracleGeneral.zst
alibabaBlock,2020_alibabaBlock/1M/342.oracleGeneral.zst
alibabaBlock,2020_alibabaBlock/1M/343.oracleGeneral.zst
alibabaBlock,2020_alibabaBlock/1M/344.oracleGeneral.zst
alibabaBlock,2020_alibabaBlock/1M/347.oracleGeneral.zst
alibabaBlock,2020_alibabaBlock/1M/349.oracleGeneral.zst
alibabaBlock,2020_alibabaBlock/1M/351.oracleGeneral.zst
alibabaBlock,2020_alibabaBlock/1M/352.oracleGeneral.zst
alibabaBlock,2020_alibabaBlock/1M/355.oracleGeneral.zst
alibabaBlock,2020_alibabaBlock/1M/356.oracleGeneral.zst
alibabaBlock,2020_alibabaBlock/1M/357.oracleGeneral.zst
alibabaBlock,2020_alibabaBlock/1M/359.oracleGeneral.zst
alibabaBlock,2020_alibabaBlock/1M/360.oracleGeneral.zst
alibabaBlock,2020_alibabaBlock/1M/366.oracleGeneral.zst
alibabaBlock,2020_alibabaBlock/1M/368.oracleGeneral.zst
alibabaBlock,2020_alibabaBlock/1M/371.oracleGeneral.zst
alibabaBlock,2020_alibabaBlock/1M/372.oracleGeneral.zst
alibabaBlock,2020_alibabaBlock/1M/373.oracleGeneral.zst
alibabaBlock,2020_alibabaBlock/1M/374.oracleGeneral.zst
alibabaBlock,2020_alibabaBlock/1M/376.oracleGeneral.zst
alibabaBlock,2020_alibabaBlock/1M/378.oracleGeneral.zst
alibabaBlock,2020_alibabaBlock/1M/383.oracleGeneral.zst
alibabaBlock,2020_alibabaBlock/1M/386.oracleGeneral.zst
alibabaBlock,2020_alibabaBlock/1M/387.oracleGeneral.zst
alibabaBlock,2020_alibabaBlock/1M/389.oracleGeneral.zst
alibabaBlock,2020_alibabaBlock/1M/390.oracleGeneral.zst
alibabaBlock,2020_alibabaBlock/1M/392.oracleGeneral.zst
cloudphysics,2015_cloudphysics/w01.oracleGeneral.bin.zst
cloudphysics,2015_cloudphysics/w02.oracleGeneral.bin.zst
cloudphysics,2015_cloudphysics/w03.oracleGeneral.bin.zst
cloudphysics,2015_cloudphysics/w04.oracleGeneral.bin.zst
cloudphysics,2015_cloudphysics/w05.oracleGeneral.bin.zst
cloudphysics,2015_cloudphysics/w06.oracleGeneral.bin.zst
cloudphysics,2015_cloudphysics/w07.oracleGeneral.bin.zst
cloudphysics,2015_cloudphysics/w08.oracleGeneral.bin.zst
cloudphysics,2015_cloudphysics/w09.oracleGeneral.bin.zst
cloudphysics,2015_cloudphysics/w10.oracleGeneral.bin.zst
cloudphysics,2015_cloudphysics/w100.oracleGeneral.bin.zst
cloudphysics,2015_cloudphysics/w101.oracleGeneral.bin.zst
cloudphysics,2015_cloudphysics/w102.oracleGeneral.bin.zst
cloudphysics,2015_cloudphysics/w103.oracleGeneral.bin.zst
cloudphysics,2015_cloudphysics/w104.oracleGeneral.bin.zst
cloudphysics,2015_cloudphysics/w105.oracleGeneral.bin.zst
cloudphysics,2015_cloudphysics/w106.oracleGeneral.bin.zst
cloudphysics,2015_cloudphysics/w11.oracleGeneral.bin.zst
cloudphysics,2015_cloudphysics/w12.oracleGeneral.bin.zst
cloudphysics,2015_cloudphysics/w13.oracleGeneral.bin.zst
cloudphysics,2015_cloudphysics/w14.oracleGeneral.bin.zst
cloudphysics,2015_cloudphysics/w15.oracleGeneral.bin.zst
cloudphysics,2015_cloudphysics/w16.oracleGeneral.bin.zst
cloudphysics,2015_cloudphysics/w17.oracleGeneral.bin.zst
cloudphysics,2015_cloudphysics/w18.oracleGeneral.bin.zst
cloudphysics,2015_cloudphysics/w19.oracleGeneral.bin.zst
cloudphysics,2015_cloudphysics/w20.oracleGeneral.bin.zst
cloudphysics,2015_cloudphysics/w21.oracleGeneral.bin.zst
cloudphysics,2015_cloudphysics/w22.oracleGeneral.bin.zst
cloudphysics,2015_cloudphysics/w23.oracleGeneral.bin.zst
cloudphysics,2015_cloudphysics/w24.oracleGeneral.bin.zst
cloudphysics,2015_cloudphysics/w25.oracleGeneral.bin.zst
cloudphysics,2015_cloudphysics/w26.oracleGeneral.bin.zst
cloudphysics,2015_cloudphysics/w27.oracleGeneral.bin.zst
cloudphysics,2015_cloudphysics/w28.oracleGeneral.bin.zst
cloudphysics,2015_cloudphysics/w29.oracleGeneral.bin.zst
cloudphysics,2015_cloudphysics/w30.oracleGeneral.bin.zst
cloudphysics,2015_cloudphysics/w31.oracleGeneral.bin.zst
cloudphysics,2015_cloudphysics/w32.oracleGeneral.bin.zst
cloudphysics,2015_cloudphysics/w33.oracleGeneral.bin.zst
cloudphysics,2015_cloudphysics/w34.oracleGeneral.bin.zst
cloudphysics,2015_cloudphysics/w35.oracleGeneral.bin.zst
cloudphysics,2015_cloudphysics/w36.oracleGeneral.bin.zst
cloudphysics,2015_cloudphysics/w37.oracleGeneral.bin.zst
cloudphysics,2015_cloudphysics/w38.oracleGeneral.bin.zst
cloudphysics,2015_cloudphysics/w39.oracleGeneral.bin.zst
cloudphysics,2015_cloudphysics/w40.oracleGeneral.bin.zst
cloudphysics,2015_cloudphysics/w41.oracleGeneral.bin.zst
cloudphysics,2015_cloudphysics/w42.oracleGeneral.bin.zst
cloudphysics,2015_cloudphysics/w43.oracleGeneral.bin.zst
cloudphysics,2015_cloudphysics/w44.oracleGeneral.bin.zst
cloudphysics,2015_cloudphysics/w45.oracleGeneral.bin.zst
cloudphysics,2015_cloudphysics/w46.oracleGeneral.bin.zst
cloudphysics,2015_cloudphysics/w47.oracleGeneral.bin.zst
cloudphysics,2015_cloudphysics/w48.oracleGeneral.bin.zst
cloudphysics,2015_cloudphysics/w49.oracleGeneral.bin.zst
cloudphysics,2015_cloudphysics/w50.oracleGeneral.bin.zst
cloudphysics,2015_cloudphysics/w51.oracleGeneral.bin.zst
cloudphysics,2015_cloudphysics/w52.oracleGeneral.bin.zst
cloudphysics,2015_cloudphysics/w53.oracleGeneral.bin.zst
cloudphysics,2015_cloudphysics/w54.oracleGeneral.bin.zst
cloudphysics,2015_cloudphysics/w55.oracleGeneral.bin.zst
cloudphysics,2015_cloudphysics/w56.oracleGeneral.bin.zst
cloudphysics,2015_cloudphysics/w57.oracleGeneral.bin.zst
cloudphysics,2015_cloudphysics/w58.oracleGeneral.bin.zst
cloudphysics,2015_cloudphysics/w59.oracleGeneral.bin.zst
cloudphysics,2015_cloudphysics/w60.oracleGeneral.bin.zst
cloudphysics,2015_cloudphysics/w61.oracleGeneral.bin.zst
cloudphysics,2015_cloudphysics/w62.oracleGeneral.bin.zst
cloudphysics,2015_cloudphysics/w63.oracleGeneral.bin.zst
cloudphysics,2015_cloudphysics/w64.oracleGeneral.bin.zst
cloudphysics,2015_cloudphysics/w65.oracleGeneral.bin.zst
cloudphysics,2015_cloudphysics/w66.oracleGeneral.bin.zst
cloudphysics,2015_cloudphysics/w67.oracleGeneral.bin.zst
cloudphysics,2015_cloudphysics/w68.oracleGeneral.bin.zst
cloudphysics,2015_cloudphysics/w69.oracleGeneral.bin.zst
cloudphysics,2015_cloudphysics/w70.oracleGeneral.bin.zst
cloudphysics,2015_cloudphysics/w71.oracleGeneral.bin.zst
cloudphysics,2015_cloudphysics/w72.oracleGeneral.bin.zst
cloudphysics,2015_cloudphysics/w73.oracleGeneral.bin.zst
cloudphysics,2015_cloudphysics/w74.oracleGeneral.bin.zst
cloudphysics,2015_cloudphysics/w75.oracleGeneral.bin.zst
cloudphysics,2015_cloudphysics/w76.oracleGeneral.bin.zst
cloudphysics,2015_cloudphysics/w77.oracleGeneral.bin.zst
cloudphysics,2015_cloudphysics/w78.oracleGeneral.bin.zst
cloudphysics,2015_cloudphysics/w79.oracleGeneral.bin.zst
cloudphysics,2015_cloudphysics/w80.oracleGeneral.bin.zst
cloudphysics,2015_cloudphysics/w81.oracleGeneral.bin.zst
cloudphysics,2015_cloudphysics/w82.oracleGeneral.bin.zst
cloudphysics,2015_cloudphysics/w83.oracleGeneral.bin.zst
cloudphysics,2015_cloudphysics/w84.oracleGeneral.bin.zst
cloudphysics,2015_cloudphysics/w85.oracleGeneral.bin.zst
cloudphysics,2015_cloudphysics/w86.oracleGeneral.bin.zst
cloudphysics,2015_cloudphysics/w87.oracleGeneral.bin.zst
cloudphysics,2015_cloudphysics/w88.oracleGeneral.bin.zst
cloudphysics,2015_cloudphysics/w89.oracleGeneral.bin.zst
cloudphysics,2015_cloudphysics/w90.oracleGeneral.bin.zst
cloudphysics,2015_cloudphysics/w91.oracleGeneral.bin.zst
cloudphysics,2015_cloudphysics/w92.oracleGeneral.bin.zst
cloudphysics,2015_cloudphysics/w93.oracleGeneral.bin.zst
cloudphysics,2015_cloudphysics/w94.oracleGeneral.bin.zst
cloudphysics,2015_cloudphysics/w95.oracleGeneral.bin.zst
cloudphysics,2015_cloudphysics/w96.oracleGeneral.bin.zst
cloudphysics,2015_cloudphysics/w97.oracleGeneral.bin.zst
cloudphysics,2015_cloudphysics/w98.oracleGeneral.bin.zst
cloudphysics,2015_cloudphysics/w99.oracleGeneral.bin.zst
metaCDN,2022_metaCDN/meta_reag.oracleGeneral.zst
metaCDN,2022_metaCDN/meta_rnha.oracleGeneral.zst
metaCDN,2022_metaCDN/meta_rprn.oracleGeneral.zst
metaKV,2022_metaKV/202206_kv_traces_all.csv.oracleGeneral.zst
metaKV,2022_metaKV/202210_kv_traces_all_sort.csv.oracleGeneral.zst
metaKV,2022_metaKV/202312_kv_traces_all.csv.oracleGeneral.zst
metaKV,2022_metaKV/202401_kv_traces_all_sort.csv.oracleGeneral.zst
metaKV,2022_metaKV/meta_kvcache_traces_1.oracleGeneral.bin.zst
metaStorage,2022_metaStorage/block_traces_1.oracleGeneral.bin.zst
metaStorage,2022_metaStorage/block_traces_2.oracleGeneral.bin.zst
metaStorage,2022_metaStorage/block_traces_3.oracleGeneral.bin.zst
metaStorage,2022_metaStorage/block_traces_4.oracleGeneral.bin.zst
metaStorage,2022_metaStorage/block_traces_5.oracleGeneral.bin.zst
msr,2007_msr/msr_hm_0.oracleGeneral.zst
msr,2007_msr/msr_prn_0.oracleGeneral.zst
msr,2007_msr/msr_prn_1.oracleGeneral.zst
msr,2007_msr/msr_proj_0.oracleGeneral.zst
msr,2007_msr/msr_proj_1.oracleGeneral.zst
msr,2007_msr/msr_proj_2.oracleGeneral.zst
msr,2007_msr/msr_proj_4.oracleGeneral.zst
msr,2007_msr/msr_prxy_0.oracleGeneral.zst
msr,2007_msr/msr_prxy_1.oracleGeneral.zst
msr,2007_msr/msr_src1_0.oracleGeneral.zst
msr,2007_msr/msr_src1_1.oracleGeneral.zst
msr,2007_msr/msr_usr_1.oracleGeneral.zst
msr,2007_msr/msr_usr_2.oracleGeneral.zst
msr,2007_msr/msr_web_2.oracleGeneral.zst
tencentBlock,2020_tencentBlock/10000.oracleGeneral.zst
tencentBlock,2020_tencentBlock/10001.oracleGeneral.zst
tencentBlock,2020_tencentBlock/10012.oracleGeneral.zst
tencentBlock,2020_tencentBlock/10100.oracleGeneral.zst
tencentBlock,2020_tencentBlock/10163.oracleGeneral.zst
tencentBlock,2020_tencentBlock/10171.oracleGeneral.zst
tencentBlock,2020_tencentBlock/10226.oracleGeneral.zst
tencentBlock,2020_tencentBlock/10348.oracleGeneral.zst
tencentBlock,2020_tencentBlock/10476.oracleGeneral.zst
tencentBlock,2020_tencentBlock/10512.oracleGeneral.zst
tencentBlock,2020_tencentBlock/10533.oracleGeneral.zst
tencentBlock,2020_tencentBlock/10564.oracleGeneral.zst
tencentBlock,2020_tencentBlock/1063.oracleGeneral.zst
tencentBlock,2020_tencentBlock/10635.oracleGeneral.zst
tencentBlock,2020_tencentBlock/1069.oracleGeneral.zst
tencentBlock,2020_tencentBlock/10799.oracleGeneral.zst
tencentBlock,2020_tencentBlock/10836.oracleGeneral.zst
tencentBlock,2020_tencentBlock/10935.oracleGeneral.zst
tencentBlock,2020_tencentBlock/11013.oracleGeneral.zst
tencentBlock,2020_tencentBlock/11034.oracleGeneral.zst
tencentBlock,2020_tencentBlock/11156.oracleGeneral.zst
tencentBlock,2020_tencentBlock/1121.oracleGeneral.zst
tencentBlock,2020_tencentBlock/1148.oracleGeneral.zst
tencentBlock,2020_tencentBlock/11509.oracleGeneral.zst
tencentBlock,2020_tencentBlock/1152.oracleGeneral.zst
tencentBlock,2020_tencentBlock/11549.oracleGeneral.zst
tencentBlock,2020_tencentBlock/11569.oracleGeneral.zst
tencentBlock,2020_tencentBlock/11615.oracleGeneral.zst
tencentBlock,2020_tencentBlock/1162.oracleGeneral.zst
tencentBlock,2020_tencentBlock/11622.oracleGeneral.zst
tencentBlock,2020_tencentBlock/1163.oracleGeneral.zst
tencentBlock,2020_tencentBlock/11633.oracleGeneral.zst
tencentBlock,2020_tencentBlock/11634.oracleGeneral.zst
tencentBlock,2020_tencentBlock/1164.oracleGeneral.zst
tencentBlock,2020_tencentBlock/11648.oracleGeneral.zst
tencentBlock,2020_tencentBlock/11656.oracleGeneral.zst
tencentBlock,2020_tencentBlock/11669.oracleGeneral.zst
tencentBlock,2020_tencentBlock/11784.oracleGeneral.zst
tencentBlock,2020_tencentBlock/11822.oracleGeneral.zst
tencentBlock,2020_tencentBlock/11887.oracleGeneral.zst
tencentBlock,2020_tencentBlock/11933.oracleGeneral.zst
tencentBlock,2020_tencentBlock/1205.oracleGeneral.zst
tencentBlock,2020_tencentBlock/12075.oracleGeneral.zst
tencentBlock,2020_tencentBlock/1214.oracleGeneral.zst
tencentBlock,2020_tencentBlock/12186.oracleGeneral.zst
tencentBlock,2020_tencentBlock/12200.oracleGeneral.zst
tencentBlock,2020_tencentBlock/12217.oracleGeneral.zst
tencentBlock,2020_tencentBlock/12300.oracleGeneral.zst
tencentBlock,2020_tencentBlock/12430.oracleGeneral.zst
tencentBlock,2020_tencentBlock/12447.oracleGeneral.zst
tencentBlock,2020_tencentBlock/12455.oracleGeneral.zst
tencentBlock,2020_tencentBlock/12461.oracleGeneral.zst
tencentBlock,2020_tencentBlock/12621.oracleGeneral.zst
tencentBlock,2020_tencentBlock/12704.oracleGeneral.zst
tencentBlock,2020_tencentBlock/12726.oracleGeneral.zst
tencentBlock,2020_tencentBlock/1273.oracleGeneral.zst
tencentBlock,2020_tencentBlock/12745.oracleGeneral.zst
tencentBlock,2020_tencentBlock/12754.oracleGeneral.zst
tencentBlock,2020_tencentBlock/12908.oracleGeneral.zst
tencentBlock,2020_tencentBlock/1293.oracleGeneral.zst
tencentBlock,2020_tencentBlock/12973.oracleGeneral.zst
tencentBlock,2020_tencentBlock/13039.oracleGeneral.zst
tencentBlock,2020_tencentBlock/13057.oracleGeneral.zst
tencentBlock,2020_tencentBlock/1306.oracleGeneral.zst
tencentBlock,2020_tencentBlock/13155.oracleGeneral.zst
tencentBlock,2020_tencentBlock/13198.oracleGeneral.zst
tencentBlock,2020_tencentBlock/1326.oracleGeneral.zst
tencentBlock,2020_tencentBlock/13286.oracleGeneral.zst
tencentBlock,2020_tencentBlock/13349.oracleGeneral.zst
tencentBlock,2020_tencentBlock/13435.oracleGeneral.zst
tencentBlock,2020_tencentBlock/13439.oracleGeneral.zst
tencentBlock,2020_tencentBlock/13494.oracleGeneral.zst
tencentBlock,2020_tencentBlock/1351.oracleGeneral.zst
tencentBlock,2020_tencentBlock/1360.oracleGeneral.zst
tencentBlock,2020_tencentBlock/1362.oracleGeneral.zst
tencentBlock,2020_tencentBlock/13786.oracleGeneral.zst
tencentBlock,2020_tencentBlock/13789.oracleGeneral.zst
tencentBlock,2020_tencentBlock/13811.oracleGeneral.zst
tencentBlock,2020_tencentBlock/13912.oracleGeneral.zst
tencentBlock,2020_tencentBlock/1394.oracleGeneral.zst
tencentBlock,2020_tencentBlock/13980.oracleGeneral.zst
tencentBlock,2020_tencentBlock/14002.oracleGeneral.zst
tencentBlock,2020_tencentBlock/14067.oracleGeneral.zst
tencentBlock,2020_tencentBlock/14207.oracleGeneral.zst
tencentBlock,2020_tencentBlock/14248.oracleGeneral.zst
tencentBlock,2020_tencentBlock/14300.oracleGeneral.zst
tencentBlock,2020_tencentBlock/1437.oracleGeneral.zst
tencentBlock,2020_tencentBlock/14467.oracleGeneral.zst
tencentBlock,2020_tencentBlock/1458.oracleGeneral.zst
tencentBlock,2020_tencentBlock/14585.oracleGeneral.zst
tencentBlock,2020_tencentBlock/1475.oracleGeneral.zst
tencentBlock,2020_tencentBlock/14833.oracleGeneral.zst
tencentBlock,2020_tencentBlock/14863.oracleGeneral.zst
tencentBlock,2020_tencentBlock/1505.oracleGeneral.zst
tencentBlock,2020_tencentBlock/15138.oracleGeneral.zst
tencentBlock,2020_tencentBlock/15175.oracleGeneral.zst
tencentBlock,2020_tencentBlock/1525.oracleGeneral.zst
tencentBlock,2020_tencentBlock/15420.oracleGeneral.zst
tencentBlock,2020_tencentBlock/1548.oracleGeneral.zst
tencentBlock,2020_tencentBlock/15481.oracleGeneral.zst
tencentBlock,2020_tencentBlock/1552.oracleGeneral.zst
tencentBlock,2020_tencentBlock/15549.oracleGeneral.zst
tencentBlock,2020_tencentBlock/1557.oracleGeneral.zst
tencentBlock,2020_tencentBlock/15701.oracleGeneral.zst
tencentBlock,2020_tencentBlock/15804.oracleGeneral.zst
tencentBlock,2020_tencentBlock/15812.oracleGeneral.zst
tencentBlock,2020_tencentBlock/1586.oracleGeneral.zst
tencentBlock,2020_tencentBlock/1591.oracleGeneral.zst
tencentBlock,2020_tencentBlock/15910.oracleGeneral.zst
tencentBlock,2020_tencentBlock/15939.oracleGeneral.zst
tencentBlock,2020_tencentBlock/15957.oracleGeneral.zst
tencentBlock,2020_tencentBlock/1599.oracleGeneral.zst
tencentBlock,2020_tencentBlock/16023.oracleGeneral.zst
tencentBlock,2020_tencentBlock/16065.oracleGeneral.zst
tencentBlock,2020_tencentBlock/1625.oracleGeneral.zst
tencentBlock,2020_tencentBlock/1633.oracleGeneral.zst
tencentBlock,2020_tencentBlock/16357.oracleGeneral.zst
tencentBlock,2020_tencentBlock/16433.oracleGeneral.zst
tencentBlock,2020_tencentBlock/16546.oracleGeneral.zst
tencentBlock,2020_tencentBlock/1655.oracleGeneral.zst
tencentBlock,2020_tencentBlock/1662.oracleGeneral.zst
tencentBlock,2020_tencentBlock/16639.oracleGeneral.zst
tencentBlock,2020_tencentBlock/16739.oracleGeneral.zst
tencentBlock,2020_tencentBlock/16742.oracleGeneral.zst
tencentBlock,2020_tencentBlock/16788.oracleGeneral.zst
tencentBlock,2020_tencentBlock/16864.oracleGeneral.zst
tencentBlock,2020_tencentBlock/16868.oracleGeneral.zst
tencentBlock,2020_tencentBlock/16918.oracleGeneral.zst
tencentBlock,2020_tencentBlock/16923.oracleGeneral.zst
tencentBlock,2020_tencentBlock/1699.oracleGeneral.zst
tencentBlock,2020_tencentBlock/17009.oracleGeneral.zst
tencentBlock,2020_tencentBlock/17010.oracleGeneral.zst
tencentBlock,2020_tencentBlock/17173.oracleGeneral.zst
tencentBlock,2020_tencentBlock/1730.oracleGeneral.zst
tencentBlock,2020_tencentBlock/17389.oracleGeneral.zst
tencentBlock,2020_tencentBlock/17393.oracleGeneral.zst
tencentBlock,2020_tencentBlock/17513.oracleGeneral.zst
tencentBlock,2020_tencentBlock/1757.oracleGeneral.zst
tencentBlock,2020_tencentBlock/17644.oracleGeneral.zst
tencentBlock,2020_tencentBlock/17742.oracleGeneral.zst
tencentBlock,2020_tencentBlock/17792.oracleGeneral.zst
tencentBlock,2020_tencentBlock/17837.oracleGeneral.zst
tencentBlock,2020_tencentBlock/1791.oracleGeneral.zst
tencentBlock,2020_tencentBlock/17998.oracleGeneral.zst
tencentBlock,2020_tencentBlock/1802.oracleGeneral.zst
tencentBlock,2020_tencentBlock/18133.oracleGeneral.zst
tencentBlock,2020_tencentBlock/18292.oracleGeneral.zst
tencentBlock,2020_tencentBlock/18324.oracleGeneral.zst
tencentBlock,2020_tencentBlock/18417.oracleGeneral.zst
tencentBlock,2020_tencentBlock/18464.oracleGeneral.zst
tencentBlock,2020_tencentBlock/1847.oracleGeneral.zst
tencentBlock,2020_tencentBlock/18605.oracleGeneral.zst
tencentBlock,2020_tencentBlock/18797.oracleGeneral.zst
tencentBlock,2020_tencentBlock/1894.oracleGeneral.zst
tencentBlock,2020_tencentBlock/18961.oracleGeneral.zst
tencentBlock,2020_tencentBlock/1900.oracleGeneral.zst
tencentBlock,2020_tencentBlock/1911.oracleGeneral.zst
tencentBlock,2020_tencentBlock/19120.oracleGeneral.zst
tencentBlock,2020_tencentBlock/19202.oracleGeneral.zst
tencentBlock,2020_tencentBlock/19220.oracleGeneral.zst
tencentBlock,2020_tencentBlock/19260.oracleGeneral.zst
tencentBlock,2020_tencentBlock/19265.oracleGeneral.zst
tencentBlock,2020_tencentBlock/19271.oracleGeneral.zst
tencentBlock,2020_tencentBlock/1933.oracleGeneral.zst
tencentBlock,2020_tencentBlock/19985.oracleGeneral.zst
tencentBlock,2020_tencentBlock/1999.oracleGeneral.zst
tencentBlock,2020_tencentBlock/1M/10004.oracleGeneral.zst
tencentBlock,2020_tencentBlock/1M/10021.oracleGeneral.zst
tencentBlock,2020_tencentBlock/1M/10022.oracleGeneral.zst
tencentBlock,2020_tencentBlock/1M/10029.oracleGeneral.zst
tencentBlock,2020_tencentBlock/1M/10031.oracleGeneral.zst
tencentBlock,2020_tencentBlock/1M/10039.oracleGeneral.zst
tencentBlock,2020_tencentBlock/1M/10044.oracleGeneral.zst
tencentBlock,2020_tencentBlock/1M/10048.oracleGeneral.zst
tencentBlock,2020_tencentBlock/1M/10069.oracleGeneral.zst
tencentBlock,2020_tencentBlock/1M/10074.oracleGeneral.zst
tencentBlock,2020_tencentBlock/1M/10086.oracleGeneral.zst
tencentBlock,2020_tencentBlock/1M/10095.oracleGeneral.zst
tencentBlock,2020_tencentBlock/1M/10120.oracleGeneral.zst
tencentBlock,2020_tencentBlock/1M/10134.oracleGeneral.zst
tencentBlock,2020_tencentBlock/1M/10156.oracleGeneral.zst
tencentBlock,2020_tencentBlock/1M/10176.oracleGeneral.zst
tencentBlock,2020_tencentBlock/1M/10184.oracleGeneral.zst
tencentBlock,2020_tencentBlock/1M/10197.oracleGeneral.zst
tencentBlock,2020_tencentBlock/1M/10198.oracleGeneral.zst
tencentBlock,2020_tencentBlock/1M/10203.oracleGeneral.zst
tencentBlock,2020_tencentBlock/1M/10208.oracleGeneral.zst
tencentBlock,2020_tencentBlock/1M/10213.oracleGeneral.zst
tencentBlock,2020_tencentBlock/1M/10216.oracleGeneral.zst
tencentBlock,2020_tencentBlock/1M/10228.oracleGeneral.zst
tencentBlock,2020_tencentBlock/1M/10231.oracleGeneral.zst
tencentBlock,2020_tencentBlock/1M/10236.oracleGeneral.zst
tencentBlock,2020_tencentBlock/1M/10244.oracleGeneral.zst
tencentBlock,2020_tencentBlock/1M/10252.oracleGeneral.zst
tencentBlock,2020_tencentBlock/1M/10264.oracleGeneral.zst
tencentBlock,2020_tencentBlock/1M/10274.oracleGeneral.zst
tencentBlock,2020_tencentBlock/1M/10276.oracleGeneral.zst
tencentBlock,2020_tencentBlock/1M/10280.oracleGeneral.zst
tencentBlock,2020_tencentBlock/1M/10286.oracleGeneral.zst
tencentBlock,2020_tencentBlock/1M/10293.oracleGeneral.zst
tencentPhoto,2018_tencentPhoto/tencent_photo1.oracleGeneral.zst
tencentPhoto,2018_tencentPhoto/tencent_photo2.oracleGeneral.zst
twitter,2020_twitter/cluster1.oracleGeneral.sample10.zst
twitter,2020_twitter/cluster10.oracleGeneral.sample10.zst
twitter,2020_twitter/cluster11.oracleGeneral.sample10.zst
twitter,2020_twitter/cluster12.oracleGeneral.sample10.zst
twitter,2020_twitter/cluster13.oracleGeneral.sample10.zst
twitter,2020_twitter/cluster14.oracleGeneral.sample10.zst
twitter,2020_twitter/cluster15.oracleGeneral.sample10.zst
twitter,2020_twitter/cluster16.oracleGeneral.sample10.zst
twitter,2020_twitter/cluster17.oracleGeneral.sample10.zst
twitter,2020_twitter/cluster18.oracleGeneral.sample10.zst
twitter,2020_twitter/cluster19.oracleGeneral.sample10.zst
twitter,2020_twitter/cluster2.oracleGeneral.sample10.zst
twitter,2020_twitter/cluster20.oracleGeneral.sample10.zst
twitter,2020_twitter/cluster21.oracleGeneral.sample10.zst
twitter,2020_twitter/cluster22.oracleGeneral.sample10.zst
twitter,2020_twitter/cluster23.oracleGeneral.sample10.zst
twitter,2020_twitter/cluster24.oracleGeneral.sample10.zst
twitter,2020_twitter/cluster25.oracleGeneral.sample10.zst
twitter,2020_twitter/cluster26.oracleGeneral.sample10.zst
twitter,2020_twitter/cluster27.oracleGeneral.sample10.zst
twitter,2020_twitter/cluster28.oracleGeneral.sample10.zst
twitter,2020_twitter/cluster29.oracleGeneral.sample10.zst
twitter,2020_twitter/cluster3.oracleGeneral.sample10.zst
twitter,2020_twitter/cluster30.oracleGeneral.sample10.zst
twitter,2020_twitter/cluster31.oracleGeneral.sample10.zst
twitter,2020_twitter/cluster32.oracleGeneral.sample10.zst
twitter,2020_twitter/cluster33.oracleGeneral.sample10.zst
twitter,2020_twitter/cluster34.oracleGeneral.sample10.zst
twitter,2020_twitter/cluster35.oracleGeneral.sample10.zst
twitter,2020_twitter/cluster36.oracleGeneral.sample10.zst
twitter,2020_twitter/cluster37.oracleGeneral.sample10.zst
twitter,2020_twitter/cluster38.oracleGeneral.sample10.zst
twitter,2020_twitter/cluster39.oracleGeneral.sample10.zst
twitter,2020_twitter/cluster4.oracleGeneral.sample10.zst
twitter,2020_twitter/cluster40.oracleGeneral.sample10.zst
twitter,2020_twitter/cluster41.oracleGeneral.sample10.zst
twitter,2020_twitter/cluster42.oracleGeneral.sample10.zst
twitter,2020_twitter/cluster43.oracleGeneral.sample10.zst
twitter,2020_twitter/cluster44.oracleGeneral.sample10.zst
twitter,2020_twitter/cluster45.oracleGeneral.sample10.zst
twitter,2020_twitter/cluster46.oracleGeneral.sample10.zst
twitter,2020_twitter/cluster47.oracleGeneral.sample10.zst
twitter,2020_twitter/cluster48.oracleGeneral.sample10.zst
twitter,2020_twitter/cluster49.oracleGeneral.sample10.zst
twitter,2020_twitter/cluster5.oracleGeneral.sample10.zst
twitter,2020_twitter/cluster50.oracleGeneral.sample10.zst
twitter,2020_twitter/cluster51.oracleGeneral.sample10.zst
twitter,2020_twitter/cluster52.oracleGeneral.sample10.zst
twitter,2020_twitter/cluster53.oracleGeneral.sample10.zst
twitter,2020_twitter/cluster54.oracleGeneral.sample10.zst
twitter,2020_twitter/cluster6.oracleGeneral.sample10.zst
twitter,2020_twitter/cluster7.oracleGeneral.sample10.zst
twitter,2020_twitter/cluster8.oracleGeneral.sample10.zst
twitter,2020_twitter/cluster9.oracleGeneral.sample10.zst
wiki,2019_wiki/wiki_2016u.oracleGeneral.zst
wiki,2019_wiki/wiki_2019t.oracleGeneral.zst
wiki,2019_wiki/wiki_2019u.oracleGeneral.zst
cdn1,2018_cdn1/1M/akamai_lax.ns101.oracleGeneral.bin.zst
cdn1,2018_cdn1/1M/akamai_lax.ns102.oracleGeneral.bin.zst
cdn1,2018_cdn1/1M/akamai_lax.ns1031.oracleGeneral.bin.zst
cdn1,2018_cdn1/1M/akamai_lax.ns1086.oracleGeneral.bin.zst
cdn1,2018_cdn1/1M/akamai_lax.ns1103.oracleGeneral.bin.zst
cdn1,2018_cdn1/1M/akamai_lax.ns111.oracleGeneral.bin.zst
cdn1,2018_cdn1/1M/akamai_lax.ns121.oracleGeneral.bin.zst
cdn1,2018_cdn1/1M/akamai_lax.ns1359.oracleGeneral.bin.zst
cdn1,2018_cdn1/1M/akamai_lax.ns194.oracleGeneral.bin.zst
cdn1,2018_cdn1/1M/akamai_lax.ns209.oracleGeneral.bin.zst
cdn1,2018_cdn1/1M/akamai_lax.ns217.oracleGeneral.bin.zst
cdn1,2018_cdn1/1M/akamai_lax.ns27.oracleGeneral.bin.zst
cdn1,2018_cdn1/1M/akamai_lax.ns31.oracleGeneral.bin.zst
cdn1,2018_cdn1/1M/akamai_lax.ns325.oracleGeneral.bin.zst
cdn1,2018_cdn1/1M/akamai_lax.ns333.oracleGeneral.bin.zst
cdn1,2018_cdn1/1M/akamai_lax.ns336.oracleGeneral.bin.zst
cdn1,2018_cdn1/1M/akamai_lax.ns338.oracleGeneral.bin.zst
cdn1,2018_cdn1/1M/akamai_lax.ns363.oracleGeneral.bin.zst
cdn1,2018_cdn1/1M/akamai_lax.ns37.oracleGeneral.bin.zst
cdn1,2018_cdn1/1M/akamai_lax.ns419.oracleGeneral.bin.zst
cdn1,2018_cdn1/1M/akamai_lax.ns430.oracleGeneral.bin.zst
cdn1,2018_cdn1/1M/akamai_lax.ns442.oracleGeneral.bin.zst
cdn1,2018_cdn1/1M/akamai_lax.ns453.oracleGeneral.bin.zst
cdn1,2018_cdn1/1M/akamai_lax.ns46.oracleGeneral.bin.zst
cdn1,2018_cdn1/1M/akamai_lax.ns471.oracleGeneral.bin.zst
cdn1,2018_cdn1/1M/akamai_lax.ns519.oracleGeneral.bin.zst
cdn1,2018_cdn1/1M/akamai_lax.ns521.oracleGeneral.bin.zst
cdn1,2018_cdn1/1M/akamai_lax.ns527.oracleGeneral.bin.zst
cdn1,2018_cdn1/1M/akamai_lax.ns567.oracleGeneral.bin.zst
cdn1,2018_cdn1/1M/akamai_lax.ns57.oracleGeneral.bin.zst
cdn1,2018_cdn1/1M/akamai_lax.ns592.oracleGeneral.bin.zst
cdn1,2018_cdn1/1M/akamai_lax.ns6.oracleGeneral.bin.zst
cdn1,2018_cdn1/1M/akamai_lax.ns750.oracleGeneral.bin.zst
cdn1,2018_cdn1/1M/akamai_lax.ns77.oracleGeneral.bin.zst
cdn1,2018_cdn1/1M/akamai_lax.ns784.oracleGeneral.bin.zst
cdn1,2018_cdn1/1M/akamai_lax.ns836.oracleGeneral.bin.zst
cdn1,2018_cdn1/1M/akamai_lax.ns88.oracleGeneral.bin.zst
cdn1,2018_cdn1/1M/akamai_lax.ns968.oracleGeneral.bin.zst
cdn1,2018_cdn1/1M/akamai_lax.ns994.oracleGeneral.bin.zst
cdn1,2018_cdn1/1M/akamai_nyc.ns104.oracleGeneral.bin.zst
cdn1,2018_cdn1/1M/akamai_nyc.ns113.oracleGeneral.bin.zst
cdn1,2018_cdn1/1M/akamai_nyc.ns13.oracleGeneral.bin.zst
cdn1,2018_cdn1/1M/akamai_nyc.ns25.oracleGeneral.bin.zst
cdn1,2018_cdn1/1M/akamai_nyc.ns31.oracleGeneral.bin.zst
cdn1,2018_cdn1/1M/akamai_nyc.ns35.oracleGeneral.bin.zst
cdn1,2018_cdn1/1M/akamai_nyc.ns356.oracleGeneral.bin.zst
cdn1,2018_cdn1/1M/akamai_nyc.ns360.oracleGeneral.bin.zst
cdn1,2018_cdn1/1M/akamai_nyc.ns461.oracleGeneral.bin.zst
cdn1,2018_cdn1/1M/akamai_nyc.ns725.oracleGeneral.bin.zst
cdn1,2018_cdn1/1M/akamai_nyc.ns764.oracleGeneral.bin.zst
cdn1,2018_cdn1/1M/akamai_nyc.ns89.oracleGeneral.bin.zst
cdn1,2018_cdn1/1M/akamai_nyc.ns9.oracleGeneral.bin.zst
cdn1,2018_cdn1/1M/akamai_nyc.ns97.oracleGeneral.bin.zst
cdn1,2018_cdn1/1M/akamai_sjc.ns10.oracleGeneral.bin.zst
cdn1,2018_cdn1/1M/akamai_sjc.ns109.oracleGeneral.bin.zst
cdn1,2018_cdn1/1M/akamai_sjc.ns12.oracleGeneral.bin.zst
cdn1,2018_cdn1/1M/akamai_sjc.ns128.oracleGeneral.bin.zst
cdn1,2018_cdn1/1M/akamai_sjc.ns143.oracleGeneral.bin.zst
cdn1,2018_cdn1/1M/akamai_sjc.ns165.oracleGeneral.bin.zst
cdn1,2018_cdn1/1M/akamai_sjc.ns17.oracleGeneral.bin.zst
cdn1,2018_cdn1/1M/akamai_sjc.ns18.oracleGeneral.bin.zst
cdn1,2018_cdn1/1M/akamai_sjc.ns180.oracleGeneral.bin.zst
cdn1,2018_cdn1/1M/akamai_sjc.ns185.oracleGeneral.bin.zst
cdn1,2018_cdn1/1M/akamai_sjc.ns186.oracleGeneral.bin.zst
cdn1,2018_cdn1/1M/akamai_sjc.ns187.oracleGeneral.bin.zst
cdn1,2018_cdn1/1M/akamai_sjc.ns188.oracleGeneral.bin.zst
cdn1,2018_cdn1/1M/akamai_sjc.ns19.oracleGeneral.bin.zst
cdn1,2018_cdn1/1M/akamai_sjc.ns192.oracleGeneral.bin.zst
cdn1,2018_cdn1/1M/akamai_sjc.ns193.oracleGeneral.bin.zst
cdn1,2018_cdn1/1M/akamai_sjc.ns194.oracleGeneral.bin.zst
cdn1,2018_cdn1/1M/akamai_sjc.ns195.oracleGeneral.bin.zst
cdn1,2018_cdn1/1M/akamai_sjc.ns203.oracleGeneral.bin.zst
cdn1,2018_cdn1/1M/akamai_sjc.ns21.oracleGeneral.bin.zst
cdn1,2018_cdn1/1M/akamai_sjc.ns23.oracleGeneral.bin.zst
cdn1,2018_cdn1/1M/akamai_sjc.ns238.oracleGeneral.bin.zst
cdn1,2018_cdn1/1M/akamai_sjc.ns243.oracleGeneral.bin.zst
cdn1,2018_cdn1/1M/akamai_sjc.ns267.oracleGeneral.bin.zst
cdn1,2018_cdn1/1M/akamai_sjc.ns273.oracleGeneral.bin.zst
cdn1,2018_cdn1/1M/akamai_sjc.ns277.oracleGeneral.bin.zst
cdn1,2018_cdn1/1M/akamai_sjc.ns293.oracleGeneral.bin.zst
cdn1,2018_cdn1/1M/akamai_sjc.ns30.oracleGeneral.bin.zst
cdn1,2018_cdn1/1M/akamai_sjc.ns32.oracleGeneral.bin.zst
cdn1,2018_cdn1/1M/akamai_sjc.ns320.oracleGeneral.bin.zst
cdn1,2018_cdn1/1M/akamai_sjc.ns324.oracleGeneral.bin.zst
cdn1,2018_cdn1/1M/akamai_sjc.ns327.oracleGeneral.bin.zst
cdn1,2018_cdn1/1M/akamai_sjc.ns33.oracleGeneral.bin.zst
cdn1,2018_cdn1/1M/akamai_sjc.ns337.oracleGeneral.bin.zst
cdn1,2018_cdn1/1M/akamai_sjc.ns339.oracleGeneral.bin.zst
cdn1,2018_cdn1/1M/akamai_sjc.ns359.oracleGeneral.bin.zst
cdn1,2018_cdn1/1M/akamai_sjc.ns361.oracleGeneral.bin.zst
cdn1,2018_cdn1/1M/akamai_sjc.ns362.oracleGeneral.bin.zst
cdn1,2018_cdn1/1M/akamai_sjc.ns37.oracleGeneral.bin.zst
cdn1,2018_cdn1/1M/akamai_sjc.ns373.oracleGeneral.bin.zst
cdn1,2018_cdn1/1M/akamai_sjc.ns398.oracleGeneral.bin.zst
cdn1,2018_cdn1/1M/akamai_sjc.ns414.oracleGeneral.bin.zst
cdn1,2018_cdn1/1M/akamai_sjc.ns428.oracleGeneral.bin.zst
cdn1,2018_cdn1/1M/akamai_sjc.ns50.oracleGeneral.bin.zst
cdn1,2018_cdn1/1M/akamai_sjc.ns501.oracleGeneral.bin.zst
cdn1,2018_cdn1/1M/akamai_sjc.ns503.oracleGeneral.bin.zst
cdn1,2018_cdn1/1M/akamai_sjc.ns515.oracleGeneral.bin.zst
cdn1,2018_cdn1/1M/akamai_sjc.ns52.oracleGeneral.bin.zst
cdn1,2018_cdn1/1M/akamai_sjc.ns58.oracleGeneral.bin.zst
cdn1,2018_cdn1/1M/akamai_sjc.ns609.oracleGeneral.bin.zst
cdn1,2018_cdn1/1M/akamai_sjc.ns615.oracleGeneral.bin.zst
cdn1,2018_cdn1/1M/akamai_sjc.ns621.oracleGeneral.bin.zst
cdn1,2018_cdn1/1M/akamai_sjc.ns626.oracleGeneral.bin.zst
cdn1,2018_cdn1/1M/akamai_sjc.ns646.oracleGeneral.bin.zst
cdn1,2018_cdn1/1M/akamai_sjc.ns67.oracleGeneral.bin.zst
cdn1,2018_cdn1/1M/akamai_sjc.ns685.oracleGeneral.bin.zst
cdn1,2018_cdn1/1M/akamai_sjc.ns689.oracleGeneral.bin.zst
cdn1,2018_cdn1/1M/akamai_sjc.ns692.oracleGeneral.bin.zst
cdn1,2018_cdn1/1M/akamai_sjc.ns734.oracleGeneral.bin.zst
cdn1,2018_cdn1/1M/akamai_sjc.ns758.oracleGeneral.bin.zst
cdn1,2018_cdn1/1M/akamai_sjc.ns764.oracleGeneral.bin.zst
cdn1,2018_cdn1/1M/akamai_sjc.ns78.oracleGeneral.bin.zst
cdn1,2018_cdn1/1M/akamai_sjc.ns8.oracleGeneral.bin.zst
cdn1,2018_cdn1/1M/akamai_sjc.ns801.oracleGeneral.bin.zst
cdn1,2018_cdn1/1M/akamai_sjc.ns83.oracleGeneral.bin.zst
cdn1,2018_cdn1/1M/akamai_sjc.ns878.oracleGeneral.bin.zst
cdn1,2018_cdn1/1M/akamai_sjc.ns880.oracleGeneral.bin.zst
cdn1,2018_cdn1/1M/akamai_sjc.ns966.oracleGeneral.bin.zst
cdn1,2018_cdn1/1M/akamai_sjc.ns988.oracleGeneral.bin.zst
cdn1,2018_cdn1/akamai_lax.ns1032.oracleGeneral.bin.zst
cdn1,2018_cdn1/akamai_lax.ns112.oracleGeneral.bin.zst
cdn1,2018_cdn1/akamai_lax.ns126.oracleGeneral.bin.zst
cdn1,2018_cdn1/akamai_lax.ns183.oracleGeneral.bin.zst
cdn1,2018_cdn1/akamai_lax.ns22.oracleGeneral.bin.zst
cdn1,2018_cdn1/akamai_lax.ns235.oracleGeneral.bin.zst
cdn1,2018_cdn1/akamai_lax.ns319.oracleGeneral.bin.zst
cdn1,2018_cdn1/akamai_lax.ns440.oracleGeneral.bin.zst
cdn1,2018_cdn1/akamai_lax.ns476.oracleGeneral.bin.zst
cdn1,2018_cdn1/akamai_lax.ns74.oracleGeneral.bin.zst
cdn1,2018_cdn1/akamai_lax.ns86.oracleGeneral.bin.zst
cdn1,2018_cdn1/akamai_lax.ns87.oracleGeneral.bin.zst
cdn1,2018_cdn1/akamai_lax.ns93.oracleGeneral.bin.zst
cdn1,2018_cdn1/akamai_lax.ns969.oracleGeneral.bin.zst
cdn1,2018_cdn1/akamai_nyc.ns14.oracleGeneral.bin.zst
cdn1,2018_cdn1/akamai_nyc.ns280.oracleGeneral.bin.zst
cdn1,2018_cdn1/akamai_nyc.ns29.oracleGeneral.bin.zst
cdn1,2018_cdn1/akamai_nyc.ns3.oracleGeneral.bin.zst
cdn1,2018_cdn1/akamai_nyc.ns4.oracleGeneral.bin.zst
cdn1,2018_cdn1/akamai_nyc.ns454.oracleGeneral.bin.zst
cdn1,2018_cdn1/akamai_nyc.ns685.oracleGeneral.bin.zst
cdn1,2018_cdn1/akamai_sjc.ns15.oracleGeneral.bin.zst
cdn1,2018_cdn1/akamai_sjc.ns156.oracleGeneral.bin.zst
cdn1,2018_cdn1/akamai_sjc.ns16.oracleGeneral.bin.zst
cdn1,2018_cdn1/akamai_sjc.ns175.oracleGeneral.bin.zst
cdn1,2018_cdn1/akamai_sjc.ns181.oracleGeneral.bin.zst
cdn1,2018_cdn1/akamai_sjc.ns269.oracleGeneral.bin.zst
cdn1,2018_cdn1/akamai_sjc.ns29.oracleGeneral.bin.zst
cdn1,2018_cdn1/akamai_sjc.ns299.oracleGeneral.bin.zst
cdn1,2018_cdn1/akamai_sjc.ns35.oracleGeneral.bin.zst
cdn1,2018_cdn1/akamai_sjc.ns4.oracleGeneral.bin.zst
cdn1,2018_cdn1/akamai_sjc.ns42.oracleGeneral.bin.zst
cdn1,2018_cdn1/akamai_sjc.ns483.oracleGeneral.bin.zst
cdn1,2018_cdn1/akamai_sjc.ns49.oracleGeneral.bin.zst
cdn1,2018_cdn1/akamai_sjc.ns512.oracleGeneral.bin.zst
cdn1,2018_cdn1/akamai_sjc.ns521.oracleGeneral.bin.zst
cdn1,2018_cdn1/akamai_sjc.ns6.oracleGeneral.bin.zst
cdn1,2018_cdn1/akamai_sjc.ns65.oracleGeneral.bin.zst
cdn1,2018_cdn1/akamai_sjc.ns71.oracleGeneral.bin.zst
cdn1,2018_cdn1/akamai_sjc.ns796.oracleGeneral.bin.zst
cdn1,2018_cdn1/akamai_sjc.ns941.oracleGeneral.bin.zst
cdn2,2021_cdn2/1M/cf_allcolo.ns10.oracleGeneral.zst
cdn2,2021_cdn2/1M/cf_allcolo.ns1014.oracleGeneral.zst
cdn2,2021_cdn2/1M/cf_allcolo.ns102.oracleGeneral.zst
cdn2,2021_cdn2/1M/cf_allcolo.ns1025.oracleGeneral.zst
cdn2,2021_cdn2/1M/cf_allcolo.ns10406.oracleGeneral.zst
cdn2,2021_cdn2/1M/cf_allcolo.ns1042.oracleGeneral.zst
cdn2,2021_cdn2/1M/cf_allcolo.ns105.oracleGeneral.zst
cdn2,2021_cdn2/1M/cf_allcolo.ns10508.oracleGeneral.zst
cdn2,2021_cdn2/1M/cf_allcolo.ns1051.oracleGeneral.zst
cdn2,2021_cdn2/1M/cf_allcolo.ns1055.oracleGeneral.zst
cdn2,2021_cdn2/1M/cf_allcolo.ns1076.oracleGeneral.zst
cdn2,2021_cdn2/1M/cf_allcolo.ns1081.oracleGeneral.zst
cdn2,2021_cdn2/1M/cf_allcolo.ns1095.oracleGeneral.zst
cdn2,2021_cdn2/1M/cf_allcolo.ns11.oracleGeneral.zst
cdn2,2021_cdn2/1M/cf_allcolo.ns1103.oracleGeneral.zst
cdn2,2021_cdn2/1M/cf_allcolo.ns111.oracleGeneral.zst
cdn2,2021_cdn2/1M/cf_allcolo.ns1133.oracleGeneral.zst
cdn2,2021_cdn2/1M/cf_allcolo.ns1152.oracleGeneral.zst
cdn2,2021_cdn2/1M/cf_allcolo.ns116.oracleGeneral.zst
cdn2,2021_cdn2/1M/cf_allcolo.ns1161.oracleGeneral.zst
cdn2,2021_cdn2/1M/cf_allcolo.ns1171.oracleGeneral.zst
cdn2,2021_cdn2/1M/cf_allcolo.ns1173.oracleGeneral.zst
cdn2,2021_cdn2/1M/cf_allcolo.ns1174.oracleGeneral.zst
cdn2,2021_cdn2/1M/cf_allcolo.ns1175.oracleGeneral.zst
cdn2,2021_cdn2/1M/cf_allcolo.ns1176.oracleGeneral.zst
cdn2,2021_cdn2/1M/cf_allcolo.ns1177.oracleGeneral.zst
cdn2,2021_cdn2/1M/cf_allcolo.ns1178.oracleGeneral.zst
cdn2,2021_cdn2/1M/cf_allcolo.ns1179.oracleGeneral.zst
cdn2,2021_cdn2/1M/cf_allcolo.ns1180.oracleGeneral.zst
cdn2,2021_cdn2/1M/cf_allcolo.ns1181.oracleGeneral.zst
cdn2,2021_cdn2/1M/cf_allcolo.ns1182.oracleGeneral.zst
cdn2,2021_cdn2/1M/cf_allcolo.ns1183.oracleGeneral.zst
cdn2,2021_cdn2/1M/cf_allcolo.ns1184.oracleGeneral.zst
cdn2,2021_cdn2/1M/cf_allcolo.ns1185.oracleGeneral.zst
cdn2,2021_cdn2/1M/cf_allcolo.ns1189.oracleGeneral.zst
cdn2,2021_cdn2/1M/cf_allcolo.ns1190.oracleGeneral.zst
cdn2,2021_cdn2/1M/cf_allcolo.ns1192.oracleGeneral.zst
cdn2,2021_cdn2/1M/cf_allcolo.ns1193.oracleGeneral.zst
cdn2,2021_cdn2/1M/cf_allcolo.ns1194.oracleGeneral.zst
cdn2,2021_cdn2/1M/cf_allcolo.ns12.oracleGeneral.zst
cdn2,2021_cdn2/1M/cf_allcolo.ns1200.oracleGeneral.zst
cdn2,2021_cdn2/1M/cf_allcolo.ns1211.oracleGeneral.zst
cdn2,2021_cdn2/1M/cf_allcolo.ns122.oracleGeneral.zst
cdn2,2021_cdn2/1M/cf_allcolo.ns1228.oracleGeneral.zst
cdn2,2021_cdn2/1M/cf_allcolo.ns123.oracleGeneral.zst
cdn2,2021_cdn2/1M/cf_allcolo.ns1230.oracleGeneral.zst
cdn2,2021_cdn2/1M/cf_allcolo.ns1235.oracleGeneral.zst
cdn2,2021_cdn2/1M/cf_allcolo.ns1236.oracleGeneral.zst
cdn2,2021_cdn2/1M/cf_allcolo.ns1242.oracleGeneral.zst
cdn2,2021_cdn2/1M/cf_allcolo.ns1243.oracleGeneral.zst
cdn2,2021_cdn2/1M/cf_allcolo.ns1247.oracleGeneral.zst
cdn2,2021_cdn2/1M/cf_allcolo.ns1250.oracleGeneral.zst
cdn2,2021_cdn2/1M/cf_allcolo.ns1268.oracleGeneral.zst
cdn2,2021_cdn2/1M/cf_allcolo.ns1273.oracleGeneral.zst
cdn2,2021_cdn2/1M/cf_allcolo.ns128.oracleGeneral.zst
cdn2,2021_cdn2/1M/cf_allcolo.ns13.oracleGeneral.zst
cdn2,2021_cdn2/1M/cf_allcolo.ns1304.oracleGeneral.zst
cdn2,2021_cdn2/1M/cf_allcolo.ns1322.oracleGeneral.zst
cdn2,2021_cdn2/1M/cf_allcolo.ns1333.oracleGeneral.zst
cdn2,2021_cdn2/1M/cf_allcolo.ns134.oracleGeneral.zst
cdn2,2021_cdn2/1M/cf_allcolo.ns135.oracleGeneral.zst
cdn2,2021_cdn2/1M/cf_allcolo.ns1359.oracleGeneral.zst
cdn2,2021_cdn2/1M/cf_allcolo.ns1363.oracleGeneral.zst
cdn2,2021_cdn2/1M/cf_allcolo.ns1371.oracleGeneral.zst
cdn2,2021_cdn2/1M/cf_allcolo.ns1376.oracleGeneral.zst
cdn2,2021_cdn2/1M/cf_allcolo.ns1378.oracleGeneral.zst
cdn2,2021_cdn2/1M/cf_allcolo.ns1392.oracleGeneral.zst
cdn2,2021_cdn2/1M/cf_allcolo.ns14.oracleGeneral.zst
cdn2,2021_cdn2/1M/cf_allcolo.ns141.oracleGeneral.zst
cdn2,2021_cdn2/1M/cf_allcolo.ns1413.oracleGeneral.zst
cdn2,2021_cdn2/1M/cf_allcolo.ns1419.oracleGeneral.zst
cdn2,2021_cdn2/1M/cf_allcolo.ns1435.oracleGeneral.zst
cdn2,2021_cdn2/1M/cf_allcolo.ns1436.oracleGeneral.zst
cdn2,2021_cdn2/1M/cf_allcolo.ns1437.oracleGeneral.zst
cdn2,2021_cdn2/1M/cf_allcolo.ns1440.oracleGeneral.zst
cdn2,2021_cdn2/1M/cf_allcolo.ns1446.oracleGeneral.zst
cdn2,2021_cdn2/1M/cf_allcolo.ns1447.oracleGeneral.zst
cdn2,2021_cdn2/1M/cf_allcolo.ns1476.oracleGeneral.zst
cdn2,2021_cdn2/1M/cf_allcolo.ns1485.oracleGeneral.zst
cdn2,2021_cdn2/1M/cf_allcolo.ns15.oracleGeneral.zst
cdn2,2021_cdn2/1M/cf_allcolo.ns1502.oracleGeneral.zst
cdn2,2021_cdn2/1M/cf_allcolo.ns1519.oracleGeneral.zst
cdn2,2021_cdn2/1M/cf_allcolo.ns1522.oracleGeneral.zst
cdn2,2021_cdn2/1M/cf_allcolo.ns1536.oracleGeneral.zst
cdn2,2021_cdn2/1M/cf_allcolo.ns1543.oracleGeneral.zst
cdn2,2021_cdn2/1M/cf_allcolo.ns1554.oracleGeneral.zst
cdn2,2021_cdn2/1M/cf_allcolo.ns15541.oracleGeneral.zst
cdn2,2021_cdn2/1M/cf_allcolo.ns1555.oracleGeneral.zst
cdn2,2021_cdn2/1M/cf_allcolo.ns1557.oracleGeneral.zst
cdn2,2021_cdn2/1M/cf_allcolo.ns1568.oracleGeneral.zst
cdn2,2021_cdn2/1M/cf_allcolo.ns1569.oracleGeneral.zst
cdn2,2021_cdn2/1M/cf_allcolo.ns1572.oracleGeneral.zst
cdn2,2021_cdn2/1M/cf_allcolo.ns1597.oracleGeneral.zst
cdn2,2021_cdn2/1M/cf_allcolo.ns16.oracleGeneral.zst
cdn2,2021_cdn2/1M/cf_allcolo.ns1628.oracleGeneral.zst
cdn2,2021_cdn2/1M/cf_allcolo.ns1639.oracleGeneral.zst
cdn2,2021_cdn2/1M/cf_allcolo.ns1648.oracleGeneral.zst
cdn2,2021_cdn2/1M/cf_allcolo.ns1660.oracleGeneral.zst
cdn2,2021_cdn2/1M/cf_allcolo.ns1669.oracleGeneral.zst
cdn2,2021_cdn2/1M/cf_allcolo.ns168.oracleGeneral.zst
cdn2,2021_cdn2/1M/cf_allcolo.ns169.oracleGeneral.zst
cdn2,2021_cdn2/1M/cf_allcolo.ns1698.oracleGeneral.zst
cdn2,2021_cdn2/1M/cf_allcolo.ns1699.oracleGeneral.zst
cdn2,2021_cdn2/1M/cf_allcolo.ns1700.oracleGeneral.zst
cdn2,2021_cdn2/1M/cf_allcolo.ns1701.oracleGeneral.zst
cdn2,2021_cdn2/1M/cf_allcolo.ns1702.oracleGeneral.zst
cdn2,2021_cdn2/1M/cf_allcolo.ns1703.oracleGeneral.zst
cdn2,2021_cdn2/1M/cf_allcolo.ns1708.oracleGeneral.zst
cdn2,2021_cdn2/1M/cf_allcolo.ns1715.oracleGeneral.zst
cdn2,2021_cdn2/1M/cf_allcolo.ns173.oracleGeneral.zst
cdn2,2021_cdn2/1M/cf_allcolo.ns1739.oracleGeneral.zst
cdn2,2021_cdn2/1M/cf_allcolo.ns174.oracleGeneral.zst
cdn2,2021_cdn2/1M/cf_allcolo.ns175.oracleGeneral.zst
cdn2,2021_cdn2/1M/cf_allcolo.ns1774.oracleGeneral.zst
cdn2,2021_cdn2/1M/cf_allcolo.ns178.oracleGeneral.zst
cdn2,2021_cdn2/1M/cf_allcolo.ns1782.oracleGeneral.zst
cdn2,2021_cdn2/1M/cf_allcolo.ns1797.oracleGeneral.zst
cdn2,2021_cdn2/1M/cf_allcolo.ns181.oracleGeneral.zst
cdn2,2021_cdn2/1M/cf_allcolo.ns183.oracleGeneral.zst
cdn2,2021_cdn2/1M/cf_allcolo.ns1832.oracleGeneral.zst
cdn2,2021_cdn2/1M/cf_allcolo.ns1836.oracleGeneral.zst
cdn2,2021_cdn2/1M/cf_allcolo.ns1837.oracleGeneral.zst
cdn2,2021_cdn2/1M/cf_allcolo.ns1844.oracleGeneral.zst
cdn2,2021_cdn2/1M/cf_allcolo.ns1846.oracleGeneral.zst
cdn2,2021_cdn2/1M/cf_allcolo.ns1849.oracleGeneral.zst
cdn2,2021_cdn2/1M/cf_allcolo.ns185.oracleGeneral.zst
cdn2,2021_cdn2/1M/cf_allcolo.ns1876.oracleGeneral.zst
cdn2,2021_cdn2/1M/cf_allcolo.ns1880.oracleGeneral.zst
cdn2,2021_cdn2/1M/cf_allcolo.ns189.oracleGeneral.zst
cdn2,2021_cdn2/1M/cf_allcolo.ns1892.oracleGeneral.zst
cdn2,2021_cdn2/1M/cf_allcolo.ns1899.oracleGeneral.zst
cdn2,2021_cdn2/1M/cf_allcolo.ns1907.oracleGeneral.zst
cdn2,2021_cdn2/1M/cf_allcolo.ns1909.oracleGeneral.zst
cdn2,2021_cdn2/1M/cf_allcolo.ns1910.oracleGeneral.zst
cdn2,2021_cdn2/1M/cf_allcolo.ns192.oracleGeneral.zst
cdn2,2021_cdn2/1M/cf_allcolo.ns1924.oracleGeneral.zst
cdn2,2021_cdn2/1M/cf_allcolo.ns193.oracleGeneral.zst
cdn2,2021_cdn2/1M/cf_allcolo.ns1934.oracleGeneral.zst
cdn2,2021_cdn2/1M/cf_allcolo.ns1957.oracleGeneral.zst
cdn2,2021_cdn2/1M/cf_allcolo.ns1964.oracleGeneral.zst
cdn2,2021_cdn2/1M/cf_allcolo.ns1984.oracleGeneral.zst
cdn2,2021_cdn2/1M/cf_allcolo.ns199.oracleGeneral.zst
cdn2,2021_cdn2/1M/cf_allcolo.ns1995.oracleGeneral.zst
cdn2,2021_cdn2/1M/cf_allcolo.ns1996.oracleGeneral.zst
cdn2,2021_cdn2/1M/cf_allcolo.ns1998.oracleGeneral.zst
cdn2,2021_cdn2/1M/cf_allcolo.ns2021.oracleGeneral.zst
cdn2,2021_cdn2/1M/cf_allcolo.ns2028.oracleGeneral.zst
cdn2,2021_cdn2/1M/cf_allcolo.ns203.oracleGeneral.zst
cdn2,2021_cdn2/1M/cf_allcolo.ns2034.oracleGeneral.zst
cdn2,2021_cdn2/1M/cf_allcolo.ns206.oracleGeneral.zst
cdn2,2021_cdn2/1M/cf_allcolo.ns2066.oracleGeneral.zst
cdn2,2021_cdn2/1M/cf_allcolo.ns2096.oracleGeneral.zst
cdn2,2021_cdn2/1M/cf_allcolo.ns2106.oracleGeneral.zst
cdn2,2021_cdn2/1M/cf_allcolo.ns2113.oracleGeneral.zst
cdn2,2021_cdn2/1M/cf_allcolo.ns2115.oracleGeneral.zst
cdn2,2021_cdn2/1M/cf_allcolo.ns2117.oracleGeneral.zst
cdn2,2021_cdn2/1M/cf_allcolo.ns2135.oracleGeneral.zst
cdn2,2021_cdn2/1M/cf_allcolo.ns2170.oracleGeneral.zst
cdn2,2021_cdn2/1M/cf_allcolo.ns2181.oracleGeneral.zst
cdn2,2021_cdn2/1M/cf_allcolo.ns219.oracleGeneral.zst
cdn2,2021_cdn2/1M/cf_allcolo.ns2192.oracleGeneral.zst
cdn2,2021_cdn2/1M/cf_allcolo.ns2208.oracleGeneral.zst
cdn2,2021_cdn2/1M/cf_allcolo.ns2243.oracleGeneral.zst
cdn2,2021_cdn2/1M/cf_allcolo.ns225.oracleGeneral.zst
cdn2,2021_cdn2/1M/cf_allcolo.ns2251.oracleGeneral.zst
cdn2,2021_cdn2/1M/cf_allcolo.ns2258.oracleGeneral.zst
cdn2,2021_cdn2/1M/cf_allcolo.ns226.oracleGeneral.zst
cdn2,2021_cdn2/1M/cf_allcolo.ns2272.oracleGeneral.zst
cdn2,2021_cdn2/1M/cf_allcolo.ns2280.oracleGeneral.zst
cdn2,2021_cdn2/1M/cf_allcolo.ns2281.oracleGeneral.zst
cdn2,2021_cdn2/1M/cf_allcolo.ns2284.oracleGeneral.zst
cdn2,2021_cdn2/1M/cf_allcolo.ns2290.oracleGeneral.zst
cdn2,2021_cdn2/1M/cf_allcolo.ns2297.oracleGeneral.zst
cdn2,2021_cdn2/1M/cf_allcolo.ns2302.oracleGeneral.zst
cdn2,2021_cdn2/1M/cf_allcolo.ns231.oracleGeneral.zst
cdn2,2021_cdn2/1M/cf_allcolo.ns233.oracleGeneral.zst
cdn2,2021_cdn2/1M/cf_allcolo.ns2335.oracleGeneral.zst
cdn2,2021_cdn2/1M/cf_allcolo.ns2338.oracleGeneral.zst
cdn2,2021_cdn2/1M/cf_allcolo.ns2340.oracleGeneral.zst
cdn2,2021_cdn2/1M/cf_allcolo.ns236.oracleGeneral.zst
cdn2,2021_cdn2/1M/cf_allcolo.ns24.oracleGeneral.zst
cdn2,2021_cdn2/1M/cf_allcolo.ns241.oracleGeneral.zst
cdn2,2021_cdn2/1M/cf_allcolo.ns242.oracleGeneral.zst
cdn2,2021_cdn2/1M/cf_allcolo.ns2501.oracleGeneral.zst
cdn2,2021_cdn2/1M/cf_allcolo.ns2526.oracleGeneral.zst
cdn2,2021_cdn2/1M/cf_allcolo.ns2533.oracleGeneral.zst
cdn2,2021_cdn2/1M/cf_allcolo.ns2539.oracleGeneral.zst
cdn2,2021_cdn2/1M/cf_allcolo.ns256.oracleGeneral.zst
cdn2,2021_cdn2/1M/cf_allcolo.ns2561.oracleGeneral.zst
cdn2,2021_cdn2/1M/cf_allcolo.ns257.oracleGeneral.zst
cdn2,2021_cdn2/1M/cf_allcolo.ns2570.oracleGeneral.zst
cdn2,2021_cdn2/1M/cf_allcolo.ns2589.oracleGeneral.zst
cdn2,2021_cdn2/1M/cf_allcolo.ns261.oracleGeneral.zst
cdn2,2021_cdn2/1M/cf_allcolo.ns2637.oracleGeneral.zst
cdn2,2021_cdn2/1M/cf_allcolo.ns2638.oracleGeneral.zst
cdn2,2021_cdn2/1M/cf_allcolo.ns2647.oracleGeneral.zst
cdn2,2021_cdn2/1M/cf_allcolo.ns2652.oracleGeneral.zst
cdn2,2021_cdn2/1M/cf_allcolo.ns2654.oracleGeneral.zst
cdn2,2021_cdn2/1M/cf_allcolo.ns267.oracleGeneral.zst
cdn2,2021_cdn2/1M/cf_allcolo.ns270.oracleGeneral.zst
