trace_name,trace_path,n_req,miss_ratio,throughput_mqps
cluster1.oracleGeneral.sample10.zst,/mnt/cfs/oracleReuse/sample/cluster1.oracleGeneral.sample10.zst,820195910,0.000000,14.5900
cluster10.oracleGeneral.sample10.zst,/mnt/cfs/oracleReuse/sample/cluster10.oracleGeneral.sample10.zst,13916365,0.499900,3.7700
cluster11.oracleGeneral.sample10.zst,/mnt/cfs/oracleReuse/sample/cluster11.oracleGeneral.sample10.zst,272048218,0.015700,3.7200
cluster12.oracleGeneral.sample10.zst,/mnt/cfs/oracleReuse/sample/cluster12.oracleGeneral.sample10.zst,264985047,0.792400,1.3400
cluster13.oracleGeneral.sample10.zst,/mnt/cfs/oracleReuse/sample/cluster13.oracleGeneral.sample10.zst,82546107,0.628400,1.9600
cluster14.oracleGeneral.sample10.zst,/mnt/cfs/oracleReuse/sample/cluster14.oracleGeneral.sample10.zst,310715660,0.024200,3.9500
cluster15.oracleGeneral.sample10.zst,/mnt/cfs/oracleReuse/sample/cluster15.oracleGeneral.sample10.zst,526407309,0.991500,0.9100
cluster16.oracleGeneral.sample10.zst,/mnt/cfs/oracleReuse/sample/cluster16.oracleGeneral.sample10.zst,1063806482,0.001400,6.0600
cluster17.oracleGeneral.sample10.zst,/mnt/cfs/oracleReuse/sample/cluster17.oracleGeneral.sample10.zst,883047506,0.000800,8.9000
cluster18.oracleGeneral.sample10.zst,/mnt/cfs/oracleReuse/sample/cluster18.oracleGeneral.sample10.zst,1292200645,0.000900,6.9200
cluster19.oracleGeneral.sample10.zst,/mnt/cfs/oracleReuse/sample/cluster19.oracleGeneral.sample10.zst,200696850,0.206400,1.5300
cluster2.oracleGeneral.sample10.zst,/mnt/cfs/oracleReuse/sample/cluster2.oracleGeneral.sample10.zst,722935180,0.000500,11.9200
cluster20.oracleGeneral.sample10.zst,/mnt/cfs/oracleReuse/sample/cluster20.oracleGeneral.sample10.zst,322149748,0.028400,5.5800
cluster21.oracleGeneral.sample10.zst,/mnt/cfs/oracleReuse/sample/cluster21.oracleGeneral.sample10.zst,155071901,0.939700,0.5600
cluster22.oracleGeneral.sample10.zst,/mnt/cfs/oracleReuse/sample/cluster22.oracleGeneral.sample10.zst,203024791,0.232400,1.7300
cluster23.oracleGeneral.sample10.zst,/mnt/cfs/oracleReuse/sample/cluster23.oracleGeneral.sample10.zst,378395763,0.382800,1.6400
cluster24.oracleGeneral.sample10.zst,/mnt/cfs/oracleReuse/sample/cluster24.oracleGeneral.sample10.zst,328062779,0.003700,6.3200
cluster26.oracleGeneral.sample10.zst,/mnt/cfs/oracleReuse/sample/cluster26.oracleGeneral.sample10.zst,15519097,0.078900,5.4200
cluster27.oracleGeneral.sample10.zst,/mnt/cfs/oracleReuse/sample/cluster27.oracleGeneral.sample10.zst,1207748023,0.428900,1.0600
cluster28.oracleGeneral.sample10.zst,/mnt/cfs/oracleReuse/sample/cluster28.oracleGeneral.sample10.zst,547922220,0.012000,5.1100
cluster29.oracleGeneral.sample10.zst,/mnt/cfs/oracleReuse/sample/cluster29.oracleGeneral.sample10.zst,698889960,0.046100,3.5500
cluster3.oracleGeneral.sample10.zst,/mnt/cfs/oracleReuse/sample/cluster3.oracleGeneral.sample10.zst,86950524,0.007200,6.9000
cluster30.oracleGeneral.sample10.zst,/mnt/cfs/oracleReuse/sample/cluster30.oracleGeneral.sample10.zst,239772077,0.005400,4.9200
cluster31.oracleGeneral.sample10.zst,/mnt/cfs/oracleReuse/sample/cluster31.oracleGeneral.sample10.zst,134116134,0.938300,0.9200
cluster32.oracleGeneral.sample10.zst,/mnt/cfs/oracleReuse/sample/cluster32.oracleGeneral.sample10.zst,366744480,0.970000,0.8600
cluster34.oracleGeneral.sample10.zst,/mnt/cfs/oracleReuse/sample/cluster34.oracleGeneral.sample10.zst,236077508,0.006700,3.2500
cluster35.oracleGeneral.sample10.zst,/mnt/cfs/oracleReuse/sample/cluster35.oracleGeneral.sample10.zst,182860375,0.070000,6.7100
cluster36.oracleGeneral.sample10.zst,/mnt/cfs/oracleReuse/sample/cluster36.oracleGeneral.sample10.zst,541003154,0.013100,4.6100
cluster37.oracleGeneral.sample10.zst,/mnt/cfs/oracleReuse/sample/cluster37.oracleGeneral.sample10.zst,315586776,0.226200,2.4600
cluster38.oracleGeneral.sample10.zst,/mnt/cfs/oracleReuse/sample/cluster38.oracleGeneral.sample10.zst,134246913,0.938300,1.0600
cluster39.oracleGeneral.sample10.zst,/mnt/cfs/oracleReuse/sample/cluster39.oracleGeneral.sample10.zst,132922575,0.938300,0.9500
cluster4.oracleGeneral.sample10.zst,/mnt/cfs/oracleReuse/sample/cluster4.oracleGeneral.sample10.zst,338164835,0.035700,3.9700
cluster40.oracleGeneral.sample10.zst,/mnt/cfs/oracleReuse/sample/cluster40.oracleGeneral.sample10.zst,378303089,0.085000,2.7700
cluster41.oracleGeneral.sample10.zst,/mnt/cfs/oracleReuse/sample/cluster41.oracleGeneral.sample10.zst,320359608,0.082900,2.6900
cluster42.oracleGeneral.sample10.zst,/mnt/cfs/oracleReuse/sample/cluster42.oracleGeneral.sample10.zst,350666603,0.003800,6.0500
cluster43.oracleGeneral.sample10.zst,/mnt/cfs/oracleReuse/sample/cluster43.oracleGeneral.sample10.zst,905365674,0.057100,2.6400
cluster44.oracleGeneral.sample10.zst,/mnt/cfs/oracleReuse/sample/cluster44.oracleGeneral.sample10.zst,548789525,0.010600,5.0300
cluster45.oracleGeneral.sample10.zst,/mnt/cfs/oracleReuse/sample/cluster45.oracleGeneral.sample10.zst,22288116,0.294100,2.7500
cluster46.oracleGeneral.sample10.zst,/mnt/cfs/oracleReuse/sample/cluster46.oracleGeneral.sample10.zst,676371275,0.193500,1.8700
cluster47.oracleGeneral.sample10.zst,/mnt/cfs/oracleReuse/sample/cluster47.oracleGeneral.sample10.zst,672505759,0.000800,7.9600
cluster48.oracleGeneral.sample10.zst,/mnt/cfs/oracleReuse/sample/cluster48.oracleGeneral.sample10.zst,112941896,0.301400,1.4300
cluster49.oracleGeneral.sample10.zst,/mnt/cfs/oracleReuse/sample/cluster49.oracleGeneral.sample10.zst,80629860,0.057200,4.0600
cluster5.oracleGeneral.sample10.zst,/mnt/cfs/oracleReuse/sample/cluster5.oracleGeneral.sample10.zst,1033274895,0.209500,1.9500
cluster50.oracleGeneral.sample10.zst,/mnt/cfs/oracleReuse/sample/cluster50.oracleGeneral.sample10.zst,13983364,0.290700,2.3800
cluster51.oracleGeneral.sample10.zst,/mnt/cfs/oracleReuse/sample/cluster51.oracleGeneral.sample10.zst,612199280,0.000800,7.0300
cluster52.oracleGeneral.sample10.zst,/mnt/cfs/oracleReuse/sample/cluster52.oracleGeneral.sample10.zst,1343968423,0.049500,3.3800
cluster53.oracleGeneral.sample10.zst,/mnt/cfs/oracleReuse/sample/cluster53.oracleGeneral.sample10.zst,26142189,0.064900,4.1700
cluster54.oracleGeneral.sample10.zst,/mnt/cfs/oracleReuse/sample/cluster54.oracleGeneral.sample10.zst,1185708763,0.013600,2.5700
cluster6.oracleGeneral.sample10.zst,/mnt/cfs/oracleReuse/sample/cluster6.oracleGeneral.sample10.zst,823684757,0.002600,4.4500
cluster7.oracleGeneral.sample10.zst,/mnt/cfs/oracleReuse/sample/cluster7.oracleGeneral.sample10.zst,102714196,0.004400,5.6600
cluster8.oracleGeneral.sample10.zst,/mnt/cfs/oracleReuse/sample/cluster8.oracleGeneral.sample10.zst,130366285,0.000200,5.7900
cluster9.oracleGeneral.sample10.zst,/mnt/cfs/oracleReuse/sample/cluster9.oracleGeneral.sample10.zst,1038462409,0.001500,6.8900
